Match,Home,Away,Odds1,OddsX,Odds2,Folk1,FolkX,Folk2,League,Round,AI_Sim1,AI_SimX,AI_Sim2,xG_For,xG_Against,xG_Diff,HomeForm,AwayForm
1,Manchester United,Tottenham,"1,75","4,25","4,60",66,20,14,Premier League,4974,,,,,,,,
2,Chelsea,Bournemouth,"1,78","4,25","4,40",72,18,10,Premier League,4974,,,,,,,,
3,Aston Villa,Brentford,"2,65","3,65","2,65",42,27,31,Premier League,4974,,,,,,,,
4,Sunderland,Brighton,"3,00","3,70","2,38",21,22,57,Premier League,4974,,,,,,,,
5,Ipswich,Fulham,"2,70","3,65","2,63",33,28,39,Premier League,4974,,,,,,,,
6,Blackburn,Cardiff,"2,70","3,65","2,55",49,24,27,Championship,4974,,,,,,,,
7,Bolton,Stoke,"2,55","3,50","2,75",36,26,38,Championship,4974,,,,,,,,
8,Derby,Wrexham,"2,75","3,35","2,65",27,31,42,Championship,4974,,,,,,,,
9,Middlesbrough,Wolverhampton,"2,20","3,80","3,10",52,24,24,Championship,4974,,,,,,,,
10,Preston,Millwall,"2,70","3,50","2,60",22,30,48,Championship,4974,,,,,,,,
11,Sheffield U,Lincoln,"2,02","3,55","3,85",64,18,18,Championship,4974,,,,,,,,
12,Watford,Burnley,"3,00","3,50","2,38",39,26,35,Championship,4974,,,,,,,,
13,Huddersfield,Sheffield W,"1,70","4,00","4,40",58,25,17,League One,4974,,,,,,,,
